{
  "$schema": "https://developer.microsoft.com/json-schemas/spfx-build/package-solution.schema.json",
  "solution": {
    "name": "spfx-power-apps-form-client-side-solution",
    "id": "ab875e72-0990-41a7-8621-bfce42662139",
    "version": "1.0.0.0",
    "includeClientSideAssets": true,
    "skipFeatureDeployment": true,
    "isDomainIsolated": false,
    "developer": {
      "name": "",
      "websiteUrl": "",
      "privacyUrl": "",
      "termsOfUseUrl": "",
      "mpnId": "Undefined-1.14.0"
    },
    "metadata": {
      "shortDescription": {
        "default": "SPFX_PowerAppsForm description"
      },
      "longDescription": {
        "default": "SPFX_PowerAppsForm description"
      },
      "screenshotPaths": [],
      "videoUrl": "",
      "categories": []
    },
    "features": [
      {
        "title": "spfx-power-apps-form Feature",
        "description": "The feature that activates elements of the spfx-power-apps-form solution.",
        "id": "dc4a4941-2d08-4e2f-b590-a35c15ed468d",
        "version": "1.0.0.0"
      }
    ]
  },
  "paths": {
    "zippedPackage": "solution/spfx-power-apps-form.sppkg"
  }
}
